{
  "PATCH Update Object" : {
    "transaction" : "PATCH Update Object",
    "sampleCount" : 1,
    "errorCount" : 0,
    "errorPct" : 0.0,
    "meanResTime" : 1429.0,
    "medianResTime" : 1429.0,
    "minResTime" : 1429.0,
    "maxResTime" : 1429.0,
    "pct1ResTime" : 1429.0,
    "pct2ResTime" : 1429.0,
    "pct3ResTime" : 1429.0,
    "throughput" : 0.6997900629811056,
    "receivedKBytesPerSec" : 0.5398770993701889,
    "sentKBytesPerSec" : 0.16674685094471658
  },
  "GET Object" : {
    "transaction" : "GET Object",
    "sampleCount" : 1,
    "errorCount" : 0,
    "errorPct" : 0.0,
    "meanResTime" : 585.0,
    "medianResTime" : 585.0,
    "minResTime" : 585.0,
    "maxResTime" : 585.0,
    "pct1ResTime" : 585.0,
    "pct2ResTime" : 585.0,
    "pct3ResTime" : 585.0,
    "throughput" : 1.7094017094017093,
    "receivedKBytesPerSec" : 1.2353098290598292,
    "sentKBytesPerSec" : 0.3155048076923077
  },
  "DELETE Object" : {
    "transaction" : "DELETE Object",
    "sampleCount" : 1,
    "errorCount" : 0,
    "errorPct" : 0.0,
    "meanResTime" : 1025.0,
    "medianResTime" : 1025.0,
    "minResTime" : 1025.0,
    "maxResTime" : 1025.0,
    "pct1ResTime" : 1025.0,
    "pct2ResTime" : 1025.0,
    "pct3ResTime" : 1025.0,
    "throughput" : 0.975609756097561,
    "receivedKBytesPerSec" : 0.6926448170731708,
    "sentKBytesPerSec" : 0.20102896341463417
  },
  "Total" : {
    "transaction" : "Total",
    "sampleCount" : 4,
    "errorCount" : 0,
    "errorPct" : 0.0,
    "meanResTime" : 1616.0,
    "medianResTime" : 1227.0,
    "minResTime" : 585.0,
    "maxResTime" : 3425.0,
    "pct1ResTime" : 3425.0,
    "pct2ResTime" : 3425.0,
    "pct3ResTime" : 3425.0,
    "throughput" : 0.6083650190114068,
    "receivedKBytesPerSec" : 0.45270912547528513,
    "sentKBytesPerSec" : 0.13486216730038023
  },
  "POST Create Object" : {
    "transaction" : "POST Create Object",
    "sampleCount" : 1,
    "errorCount" : 0,
    "errorPct" : 0.0,
    "meanResTime" : 3425.0,
    "medianResTime" : 3425.0,
    "minResTime" : 3425.0,
    "maxResTime" : 3425.0,
    "pct1ResTime" : 3425.0,
    "pct2ResTime" : 3425.0,
    "pct3ResTime" : 3425.0,
    "throughput" : 0.29197080291970806,
    "receivedKBytesPerSec" : 0.2255360401459854,
    "sentKBytesPerSec" : 0.07527372262773722
  }
}